Time(ms),X(mm),Y(mm),Z(mm),Roll(deg),Pitch(deg),Yaw(deg)
45059313,78.367,-336.923,728.794,103.675,-22.347,-8.654
45059367,78.367,-336.923,728.794,103.675,-22.347,-8.654
45059421,78.367,-336.923,728.794,103.675,-22.347,-8.654
45059474,78.367,-336.923,728.794,103.675,-22.347,-8.654
45059527,78.367,-336.923,728.794,103.675,-22.347,-8.654
45059581,78.367,-336.923,728.794,103.675,-22.347,-8.654
45059635,78.367,-336.923,728.794,103.675,-22.347,-8.654
45059689,78.367,-336.923,728.794,103.675,-22.347,-8.654
45059743,78.367,-336.923,728.794,103.675,-22.347,-8.654
45059796,78.367,-336.923,728.794,103.675,-22.347,-8.654
45059850,78.367,-336.923,728.794,103.675,-22.347,-8.654
45059903,78.367,-336.923,728.794,103.675,-22.347,-8.654
45059956,78.367,-336.923,728.794,103.675,-22.347,-8.654
45060009,78.367,-336.923,728.794,103.675,-22.347,-8.654
45060062,78.367,-336.923,728.794,103.675,-22.347,-8.654
45060115,78.367,-336.923,728.794,103.675,-22.347,-8.654
45060168,78.367,-336.923,728.794,103.675,-22.347,-8.654
45060222,78.367,-336.914,728.804,103.668,-22.347,-8.643
45060276,78.366,-336.914,728.804,103.624,-22.373,-8.528
45060329,78.365,-336.914,728.803,103.473,-22.461,-8.131
45060383,78.365,-336.914,728.803,103.356,-22.528,-7.826
45060436,78.365,-336.914,728.804,103.321,-22.547,-7.736
45060490,78.363,-336.914,728.804,103.264,-22.579,-7.587
45060543,78.362,-336.915,728.804,103.221,-22.602,-7.476
45060596,78.361,-336.917,728.805,103.183,-22.623,-7.378
45060649,78.337,-336.91,728.796,103.024,-22.697,-6.96
45060702,78.002,-336.801,728.671,102.731,-22.656,-6.093
45060756,77.495,-336.582,728.509,102.466,-22.488,-5.237
45060809,76.39,-336.222,728.113,102.014,-22.085,-3.626
45060862,75.048,-335.788,727.655,101.602,-21.539,-1.947
45060916,74.103,-335.481,727.349,101.377,-21.131,-0.89
45060969,72.759,-334.912,727,101.136,-20.504,0.446
45061022,71.655,-333.668,727.105,100.968,-19.85,1.396
45061076,71.209,-331.958,727.731,100.814,-19.421,1.865
45061129,70.8,-328.667,729.128,100.562,-18.782,2.374
45061182,70.858,-323.649,731.682,100.087,-18.109,2.776
45061235,71.071,-320.125,733.837,99.583,-17.685,3.046
45061288,71.337,-315.138,737.353,98.608,-17.012,3.593
45061341,71.489,-311.973,739.808,97.859,-16.547,4.04
45061394,71.254,-308.109,742.924,96.831,-15.729,4.9
45061447,70.665,-305.551,745.001,96.067,-14.96,5.93
45061500,70.075,-304.343,745.727,95.781,-14.471,6.695
45061553,68.869,-303.352,745.874,95.652,-13.78,8.041
45061606,67.467,-303.005,745.613,95.616,-13.121,9.611
45061659,66.6,-302.963,745.382,95.564,-12.771,10.839
45061712,65.238,-303.525,744.755,95.543,-12.322,12.736
45061765,64.102,-304.281,744.123,95.473,-12.038,14.715
45061818,63.468,-304.951,743.662,95.446,-11.924,15.845
45061871,62.553,-306.343,742.795,95.47,-11.816,17.281
45061924,62.047,-307.183,742.284,95.5,-11.765,18.015
45061977,61.399,-308.26,741.622,95.586,-11.685,18.744
45062030,60.689,-309.38,740.922,95.792,-11.542,19.006
45062083,60.183,-310.002,740.486,95.98,-11.4,19.011
45062136,59.26,-310.902,739.85,96.298,-11.094,19.032
45062189,58.198,-311.546,739.301,96.659,-10.685,19.055
45062242,57.571,-311.672,739.046,96.888,-10.419,19.079
45062295,57.018,-311.242,738.64,97.257,-10.208,19.087
45062348,56.84,-310.551,738.144,97.619,-10.208,19.06
45062401,56.895,-310.025,737.744,97.859,-10.313,19.023
45062454,57.06,-309.231,737.14,98.203,-10.515,18.959
45062507,57.169,-308.71,736.748,98.429,-10.648,18.917
45062560,57.318,-307.997,736.217,98.737,-10.828,18.859
45062614,57.449,-307.363,735.752,99.009,-10.987,18.807
45062668,57.544,-306.908,735.418,99.205,-11.1,18.768
45062722,57.666,-306.331,734.999,99.453,-11.245,18.719
45062775,57.755,-305.923,734.704,99.627,-11.349,18.684
45062829,57.801,-305.742,734.574,99.703,-11.398,18.668
45062883,57.812,-305.722,734.56,99.71,-11.407,18.665
45062936,57.81,-305.734,734.568,99.705,-11.404,18.666
45062989,57.808,-305.745,734.573,99.701,-11.402,18.667
45063042,57.807,-305.752,734.573,99.7,-11.402,18.667
45063095,57.807,-305.752,734.573,99.7,-11.402,18.667
45063148,57.808,-305.75,734.571,99.701,-11.403,18.667
45063201,57.808,-305.75,734.571,99.701,-11.403,18.667
45063256,57.808,-305.751,734.572,99.701,-11.403,18.667
45063309,57.807,-305.754,734.574,99.699,-11.402,18.667
45063363,57.804,-305.768,734.536,99.705,-11.405,18.666
45063416,57.755,-306.009,733.938,99.787,-11.453,18.65
45063469,57.638,-306.572,732.459,99.995,-11.572,18.608
45063523,57.41,-307.657,728.6,100.517,-11.867,18.503
45063576,57.311,-308.135,723.849,101.136,-12.218,18.374
45063629,57.276,-308.301,720.081,101.62,-12.491,18.27
45063684,57.563,-306.914,715.202,102.205,-12.82,18.142
45063738,57.959,-304.99,709.973,102.811,-13.157,18.005
45063791,58.324,-303.223,706.698,103.172,-13.357,17.923
45063846,59.116,-299.373,702.42,103.515,-13.545,17.843
45063899,59.637,-296.515,699.491,103.417,-13.488,17.854
45063953,59.828,-295.325,698.353,103.034,-13.264,17.941
45064006,60.042,-294.249,699.061,101.776,-12.557,18.225
45064061,59.8,-295.433,701.548,99.856,-11.461,18.631
45064114,59.604,-296.416,703.951,98.552,-10.705,18.888
45064167,59.319,-297.721,707.429,96.959,-9.758,19.177
45064221,58.861,-299.005,709.441,96.049,-9.089,19.349
45064275,58.395,-299.228,709.632,96.058,-8.813,19.39
45064329,57.374,-299.827,709.104,96.422,-8.429,19.424
45064383,55.963,-301.939,708.079,96.889,-8.042,19.462
45064436,55.23,-302.681,708.363,97.041,-7.737,19.504
45064489,53.91,-304.172,709.333,97.207,-7.159,19.585
45064542,52.753,-305.461,711.236,97.167,-6.517,19.686
45064595,52.348,-305.254,713.227,97.033,-6.129,19.746
45064650,51.952,-304.662,715.961,96.861,-5.675,19.811
45064703,51.938,-303.891,718.278,96.639,-5.399,19.858
45064756,52.061,-303.395,719.601,96.475,-5.296,19.878
45064809,52.158,-302.94,720.878,96.315,-5.2,19.893
45064863,52.202,-302.748,721.418,96.246,-5.161,19.898
45064916,52.209,-302.715,721.509,96.235,-5.154,19.9
45064970,52.2,-302.758,721.505,96.228,-5.149,19.9
45065024,52.138,-303.056,721.754,96.098,-5.07,19.912
45065077,52.036,-303.553,722.197,95.874,-4.932,19.932
45065131,51.823,-304.583,723.138,95.403,-4.641,19.973
45065185,51.603,-305.646,724.12,94.917,-4.34,20.013
45065239,51.507,-306.112,724.556,94.703,-4.208,20.029
45065292,51.46,-306.339,724.77,94.598,-4.143,20.037
45065346,51.46,-306.338,724.769,94.598,-4.143,20.037
45065400,51.461,-306.336,724.767,94.599,-4.144,20.037
45065453,51.467,-306.308,724.774,94.6,-4.144,20.037
45065507,51.467,-306.306,724.78,94.599,-4.144,20.037
45065561,51.467,-306.305,724.781,94.599,-4.144,20.037
45065615,51.491,-306.191,724.854,94.588,-4.137,20.038
45065669,51.585,-305.733,725.176,94.54,-4.107,20.041
45065723,51.702,-305.167,725.485,94.489,-4.076,20.045
45065777,51.789,-304.776,725.698,94.455,-4.055,20.048
45065830,51.947,-304.137,726.154,94.395,-4.018,20.058
45065884,52.141,-303.219,727.461,94.309,-3.966,20.064
45065937,52.309,-302.442,728.912,94.269,-3.942,20.068
45065992,52.58,-301.586,731.748,94.319,-3.977,20.08
45066046,53.285,-300.592,735.312,94.501,-4.092,20.164
45066100,53.85,-300.596,737.318,94.825,-4.294,20.25
45066153,54.974,-300.938,739.623,95.661,-4.813,20.415
45066206,56.339,-301.294,741.402,96.8,-5.522,20.588
45066260,57.075,-303.029,742.195,97.681,-6.074,20.7
45066314,58.2,-305.465,743.087,99.008,-6.884,20.853
45066367,59.322,-307.966,744.382,100.143,-7.572,21.009
45066421,59.763,-310.776,744.68,100.815,-7.976,21.095
45066474,60.402,-314.727,746.509,101.382,-8.317,21.262
45066528,60.922,-317.984,749.004,101.623,-8.462,21.424
45066581,60.994,-320.714,750.374,101.738,-8.531,21.503
45066634,61.349,-324.451,752.776,101.819,-8.581,21.666
45066688,62.058,-326.772,754.726,102.049,-8.719,21.826
45066741,62.556,-328.186,755.43,102.387,-8.92,21.902
45066794,63.533,-329.676,755.481,103.209,-9.405,21.985
45066847,64.839,-329.717,755.436,104.307,-10.049,22.03
45066901,65.618,-330.162,754.782,105.128,-10.524,22.032
45066954,66.653,-331.399,753.681,106.301,-11.198,22.023
45067007,67.151,-332.783,752.992,106.993,-11.592,22.008
45067060,67.408,-335.94,751.961,107.85,-12.074,21.953
45067113,67.387,-339.965,751.221,108.428,-12.397,21.921
45067166,67.252,-343.095,750.657,108.735,-12.563,21.906
45067219,67.061,-347.655,749.59,109.276,-12.839,21.873
45067272,66.618,-351.24,748.706,109.982,-13.022,21.852
45067326,66.152,-353.179,748.137,110.58,-13.079,21.859
45067380,65.53,-354.638,747.631,111.695,-13.077,21.946
45067434,64.853,-354.842,747.527,112.944,-12.948,22.118
45067488,64.34,-354.848,747.45,113.805,-12.805,22.278
45067541,63.789,-355.137,747.601,114.914,-12.456,22.644
45067595,62.832,-356.88,747.453,115.836,-11.975,23.057
45067648,62.172,-359.554,746.692,116.424,-11.661,23.358
45067702,61.508,-364.024,744.795,117.382,-11.311,23.811
45067756,61.48,-368.678,741.994,118.522,-11.27,24.194
45067810,61.854,-371.604,739.668,119.34,-11.455,24.363
45067863,62.991,-374.842,736.744,120.449,-11.897,24.522
45067918,64.518,-376.155,735.256,121.263,-12.359,24.61
45067972,65.248,-376.873,734.932,121.601,-12.549,24.661
45068025,65.868,-377.434,735.339,121.817,-12.609,24.77
45068078,65.803,-378.117,736.235,121.828,-12.39,24.957
45068133,65.41,-378.978,736.749,121.809,-12.165,25.092
45068186,64.644,-380.853,736.88,121.933,-11.842,25.302
45068240,63.945,-382.484,736.738,122.25,-11.599,25.507
45068295,63.207,-384.365,735.698,122.879,-11.54,25.649
45068348,62.912,-384.965,734.999,123.42,-11.574,25.743
45068401,63.087,-385.656,734.066,124.181,-11.711,25.889
45068455,63.725,-386.701,733.182,124.829,-11.861,26.067
45068508,64.259,-387.634,732.824,125.111,-11.906,26.206
45068562,65.078,-389.566,732.285,125.385,-11.922,26.424
45068616,65.991,-392.39,731.382,125.548,-11.899,26.665
45068669,66.634,-394.534,730.686,125.636,-11.857,26.848
45068724,67.659,-397.88,729.562,125.824,-11.772,27.169
45068777,68.752,-400.213,728.98,126.089,-11.655,27.54
45068830,69.46,-400.861,729.024,126.319,-11.55,27.819
45068883,70.408,-400.374,729.985,126.698,-11.284,28.318
45068936,71.102,-398.378,732.054,127.039,-10.885,28.879
45068989,71.194,-396.414,733.98,127.262,-10.491,29.311
45069044,70.83,-392.516,737.055,127.877,-9.854,30.033
45069098,70.218,-388.977,739.962,128.533,-9.192,30.776
45069151,69.46,-387.383,741.093,129.133,-8.831,31.233
45069204,68.38,-386.034,741.489,130.242,-8.52,31.844
45069258,67.472,-385.654,741.005,131.364,-8.442,32.31
45069312,67.08,-385.997,740.114,132.084,-8.574,32.485
45069366,67.004,-387.073,738.495,132.926,-8.942,32.552
45069419,67.187,-388.23,736.909,133.565,-9.379,32.484
45069472,67.311,-389.156,735.938,133.908,-9.614,32.45
45069525,67.503,-390.713,734.868,134.169,-9.808,32.427
45069579,67.667,-391.94,734.288,134.218,-9.843,32.447
45069632,67.846,-393.495,733.487,134.288,-9.891,32.469
45069685,67.983,-395.029,732.445,134.409,-9.973,32.476
45069739,68.04,-395.874,731.841,134.483,-10.024,32.475
45069793,68.056,-396.766,731.215,134.559,-10.075,32.469
45069847,68.035,-397.427,730.753,134.614,-10.114,32.459
45069901,68.024,-397.753,730.525,134.642,-10.133,32.453
45069954,68.01,-398.159,730.242,134.676,-10.156,32.447
45070007,68.009,-398.179,730.223,134.68,-10.159,32.447
45070061,68.011,-398.124,730.251,134.681,-10.159,32.447
45070114,68.005,-398.063,730.284,134.681,-10.159,32.446
45070167,67.986,-398.04,730.302,134.679,-10.158,32.443
45070220,67.986,-398.04,730.302,134.679,-10.157,32.443
45070274,67.986,-398.039,730.302,134.68,-10.158,32.443
45070328,67.986,-398.039,730.302,134.68,-10.157,32.443
45070381,67.986,-398.039,730.302,134.68,-10.157,32.443
45070435,67.986,-398.036,730.304,134.68,-10.157,32.443
45070488,67.986,-398.036,730.304,134.68,-10.158,32.443
45070541,67.986,-398.036,730.304,134.68,-10.158,32.443
45070594,67.986,-398.029,730.308,134.679,-10.157,32.444
45070647,67.986,-398.024,730.311,134.679,-10.157,32.444
45070700,67.986,-398.024,730.311,134.679,-10.157,32.444
45070754,67.986,-398.024,730.311,134.679,-10.157,32.444
45070807,67.986,-398.024,730.311,134.679,-10.157,32.444
45070860,67.986,-398.024,730.311,134.679,-10.157,32.444
45070914,67.986,-398.024,730.311,134.679,-10.157,32.444
45070968,67.986,-398.024,730.311,134.679,-10.157,32.444
45071022,67.986,-398.024,730.311,134.679,-10.157,32.444
45071076,67.986,-398.024,730.311,134.679,-10.157,32.444
45071129,67.986,-398.024,730.311,134.679,-10.157,32.444
45071183,67.986,-398.024,730.311,134.679,-10.157,32.444
45071236,67.986,-398.024,730.311,134.679,-10.157,32.444
45071290,67.986,-398.024,730.311,134.679,-10.157,32.444
45071343,67.986,-398.024,730.311,134.679,-10.157,32.444
45071398,67.986,-398.024,730.311,134.679,-10.157,32.444
45071451,68.208,-397.902,730.323,134.622,-10.226,32.374
45071504,68.606,-397.833,730.236,134.518,-10.374,32.226
45071559,69.489,-397.608,730.101,134.284,-10.697,31.902
45071612,70.741,-397.319,729.907,133.957,-11.156,31.444
45071665,71.772,-397.17,729.701,133.697,-11.541,31.067
45071718,73.311,-396.963,729.41,133.313,-12.116,30.509
45071772,75.019,-396.755,729.11,132.895,-12.756,29.896
45071825,76.007,-396.644,728.947,132.656,-13.127,29.544
45071879,77.395,-396.518,728.732,132.32,-13.646,29.053
45071932,78.571,-396.433,728.551,132.035,-14.097,28.628
45071986,79.166,-396.392,728.46,131.897,-14.323,28.418
45072040,79.904,-396.336,728.357,131.726,-14.605,28.158
45072093,80.663,-396.287,728.257,131.55,-14.892,27.893
45072146,81.292,-396.308,728.148,131.404,-15.131,27.674
45072199,82.135,-396.796,727.95,131.09,-15.412,27.388
45072252,82.061,-397.845,727.993,130.668,-15.374,27.286
45072305,81.315,-398.757,728.088,130.397,-15.221,27.26
45072359,80.113,-399.944,728.211,130.058,-15.035,27.183
45072413,79.443,-400.388,728.248,129.952,-14.97,27.123
45072467,79.251,-400.527,728.168,129.963,-14.977,27.093
45072520,79.231,-400.873,727.908,130,-14.996,27.084
45072574,79.15,-402.453,726.781,130.157,-15.069,27.055
45072628,79.079,-404.064,725.627,130.309,-15.151,27.016
45072681,78.945,-407.047,723.484,130.587,-15.299,26.946
45072734,78.79,-410.636,720.867,130.924,-15.483,26.856
45072787,78.674,-413.319,718.89,131.176,-15.619,26.788
45072840,78.535,-416.544,716.488,131.481,-15.783,26.706
45072895,78.428,-419.02,714.612,131.722,-15.912,26.64
45072948,78.397,-419.746,714.061,131.791,-15.949,26.621
45073001,78.387,-419.896,713.948,131.806,-15.956,26.618
45073054,78.357,-419.906,713.945,131.813,-15.945,26.628
45073108,78.229,-419.914,713.959,131.842,-15.897,26.674
45073160,77.535,-419.954,714.037,131.996,-15.635,26.917
45073213,76.923,-419.993,714.108,132.132,-15.405,27.133
45073266,76.012,-420.056,714.22,132.337,-15.063,27.454
45073320,75.55,-420.09,714.28,132.442,-14.89,27.618
45073373,75.519,-420.093,714.284,132.449,-14.878,27.629
45073427,75.519,-420.099,714.281,132.449,-14.878,27.629
45073480,75.521,-420.232,714.178,132.459,-14.888,27.623
45073533,75.526,-420.253,714.162,132.459,-14.891,27.621
45073588,75.529,-420.261,714.159,132.458,-14.892,27.62
45073641,75.527,-420.308,714.125,132.461,-14.894,27.619
45073696,75.52,-420.462,714.022,132.468,-14.898,27.617
45073748,75.476,-421.495,713.245,132.56,-14.949,27.594
45073801,75.396,-423.415,711.775,132.739,-15.051,27.546
45073854,75.326,-425.055,710.512,132.894,-15.137,27.505
45073907,75.17,-428.733,707.649,133.241,-15.332,27.413
45073960,75.076,-431.871,705.165,133.533,-15.513,27.318
45074013,75.165,-432.917,704.308,133.604,-15.619,27.242
45074067,75.562,-433.642,703.655,133.58,-15.815,27.067
45074121,76.007,-433.681,703.55,133.486,-15.982,26.903
45074174,76.213,-433.625,703.563,133.436,-16.054,26.83
45074228,76.256,-433.64,703.579,133.41,-16.061,26.819
45074281,76.227,-434.101,703.589,133.261,-15.976,26.864
45074334,76.158,-434.932,703.659,132.973,-15.804,26.957
45074387,76.064,-436.992,703.846,132.241,-15.402,27.156
45074440,75.933,-439.864,704.156,131.223,-14.836,27.424
45074495,75.83,-442.132,704.442,130.421,-14.386,27.628
45074548,75.661,-445.859,704.99,129.107,-13.638,27.95
45074601,75.509,-449.212,705.568,127.928,-12.956,28.225
45074654,75.43,-450.949,705.899,127.317,-12.599,28.361
45074707,75.353,-452.652,706.245,126.719,-12.248,28.492
45074760,75.329,-453.175,706.356,126.535,-12.139,28.531
45074813,75.322,-453.332,706.389,126.48,-12.107,28.543
45074866,75.322,-453.343,706.392,126.476,-12.104,28.543
45074919,75.318,-453.426,706.409,126.447,-12.087,28.55
45074972,75.294,-453.961,706.515,126.264,-11.979,28.588
45075026,75.238,-455.187,706.789,125.833,-11.723,28.678
45075079,75.187,-456.319,707.051,125.436,-11.486,28.759
45075132,75.104,-458.147,707.495,124.794,-11.101,28.886
45075185,75.033,-459.727,707.9,124.238,-10.766,28.993
45075238,75,-460.468,708.096,123.977,-10.608,29.042
45075291,74.976,-460.99,708.237,123.794,-10.496,29.077
45075344,74.974,-461.027,708.247,123.781,-10.489,29.079
45075397,74.974,-461.027,708.247,123.781,-10.489,29.079
45075450,74.975,-461.022,708.245,123.783,-10.49,29.079
45075503,74.975,-461.022,708.245,123.783,-10.49,29.079
45075556,74.975,-461.022,708.245,123.783,-10.49,29.079
45075609,74.975,-461.022,708.245,123.783,-10.49,29.079
45075662,74.975,-461.022,708.245,123.783,-10.49,29.079
45075716,74.975,-461.022,708.245,123.783,-10.49,29.079
45075769,74.974,-461.022,708.245,123.783,-10.489,29.079
45075824,74.974,-461.022,708.245,123.783,-10.489,29.079
45075877,74.973,-461.022,708.246,123.783,-10.489,29.079
45075930,74.973,-461.022,708.246,123.783,-10.489,29.079
45075983,74.973,-461.022,708.246,123.783,-10.489,29.079
45076036,74.973,-461.022,708.246,123.783,-10.489,29.079
45076089,74.973,-461.022,708.246,123.783,-10.489,29.079
45076143,74.973,-461.022,708.246,123.783,-10.489,29.079
45076196,74.973,-461.022,708.242,123.784,-10.49,29.079
45076249,74.968,-461.031,708.228,123.787,-10.491,29.078
45076302,74.967,-461.049,708.206,123.79,-10.493,29.078
45076355,74.967,-461.069,708.166,123.796,-10.497,29.077
45076408,74.966,-461.08,708.152,123.798,-10.498,29.076
45076462,74.964,-461.094,708.135,123.801,-10.499,29.076
45076515,74.959,-461.122,708.101,123.805,-10.502,29.074
45076568,74.957,-461.131,708.088,123.807,-10.503,29.074
45076621,74.957,-461.132,708.087,123.808,-10.503,29.074
45076674,74.957,-461.132,708.087,123.808,-10.503,29.074
45076727,74.957,-461.132,708.086,123.808,-10.503,29.074
45076781,74.954,-461.134,708.083,123.808,-10.504,29.073
45076834,74.951,-461.137,708.08,123.808,-10.504,29.072
45076887,74.954,-461.138,708.079,123.807,-10.506,29.071
45076941,74.975,-461.137,708.076,123.802,-10.515,29.065
45076994,75.071,-461.132,708.063,123.777,-10.555,29.038
45077048,75.309,-461.122,708.03,123.713,-10.656,28.969
45077101,75.793,-461.099,707.959,123.578,-10.877,28.815
45077154,76.225,-461.049,707.88,123.455,-11.11,28.649
45077207,76.38,-460.91,707.808,123.44,-11.25,28.552
45077261,75.665,-460.804,707.7,123.454,-11.435,28.318
45077314,74.074,-460.822,707.602,123.494,-11.584,28.009
45077367,72.932,-460.954,707.568,123.482,-11.657,27.805
45077420,71.59,-461.221,707.52,123.375,-11.832,27.469
45077474,71.121,-461.415,707.448,123.185,-12.125,27.125
45077527,70.951,-461.521,707.393,123.048,-12.35,26.888
45077580,70.758,-461.663,707.326,122.867,-12.643,26.582
45077633,70.594,-461.75,707.288,122.766,-12.811,26.402
45077686,70.133,-461.88,707.254,122.671,-12.97,26.193
45077739,69.67,-461.962,707.248,122.653,-13.001,26.106
45077793,69.408,-462.001,707.248,122.653,-13.001,26.073
45077846,69.025,-462.058,707.248,122.654,-13,26.028
45077899,68.919,-462.067,707.253,122.654,-12.999,26.015
45077953,68.915,-462.063,707.252,122.655,-12.999,26.014
45078006,68.906,-462.062,707.253,122.658,-12.996,26.017
45078059,68.882,-462.033,707.252,122.673,-12.989,26.022
45078112,68.886,-461.968,707.299,122.671,-12.988,26.023
45078166,68.902,-461.736,707.401,122.687,-12.997,26.019
45078220,68.941,-461.164,707.253,122.893,-13.113,25.972
45078273,68.976,-460.447,707.073,123.154,-13.251,25.917
45078328,69.05,-459.23,706.773,123.594,-13.491,25.819
45078381,69.115,-458.271,706.545,123.939,-13.682,25.737
45078434,69.133,-458.02,706.486,124.03,-13.732,25.716
45078487,69.133,-458.018,706.485,124.031,-13.732,25.716
45078540,69.131,-458.045,706.492,124.021,-13.727,25.718
45078593,69.129,-458.068,706.497,124.012,-13.722,25.72
45078646,69.129,-458.068,706.497,124.012,-13.722,25.72
45078699,69.129,-458.069,706.497,124.012,-13.722,25.72
45078752,69.129,-458.071,706.498,124.011,-13.722,25.72
45078805,69.128,-458.08,706.5,124.008,-13.72,25.721
45078858,69.127,-458.086,706.502,124.006,-13.718,25.722
45078911,69.125,-458.093,706.503,124.004,-13.717,25.723
45078964,69.124,-458.103,706.503,124.001,-13.715,25.724
45079017,69.123,-458.121,706.508,123.995,-13.711,25.725
45079070,69.119,-458.169,706.519,123.978,-13.702,25.73
45079123,69.097,-458.491,706.593,123.863,-13.638,25.757
45079176,69.067,-458.903,706.691,123.715,-13.555,25.792
45079229,69.02,-459.566,706.847,123.478,-13.423,25.848
45079283,68.988,-460.026,706.926,123.323,-13.336,25.885
45079336,68.977,-460.175,706.702,123.349,-13.35,25.879
45079389,68.925,-460.925,705.008,123.64,-13.512,25.811
45079442,68.885,-461.479,702.607,124.091,-13.76,25.706
45079495,68.885,-461.47,700.751,124.467,-13.967,25.616
45079548,68.899,-461.288,697.489,125.132,-14.331,25.453
45079601,68.998,-459.857,696.43,125.437,-14.497,25.378
45079654,69.14,-457.779,695.024,125.625,-14.598,25.332
45079707,69.219,-456.754,694.043,125.141,-14.332,25.458
45079760,69.215,-456.858,694.211,124.285,-13.859,25.67
45079813,69.201,-456.912,694.936,122.801,-13.028,26.021
45079866,69.175,-457.167,694.816,121.534,-12.308,26.304
45079919,69.216,-456.498,694.373,121.019,-12.011,26.415
45079972,69.38,-454.051,692.594,120.97,-11.981,26.427
45080025,69.576,-451.25,688.959,121.657,-12.373,26.283
45080078,69.724,-449.178,686.74,122.101,-12.625,26.187
45080131,69.934,-446.092,684.11,122.501,-12.85,26.1
45080184,70.011,-445.009,682.527,122.481,-12.838,26.106
45080237,70.086,-443.941,681.573,121.868,-12.488,26.244
45080290,70.117,-443.399,682.081,120.684,-11.808,26.498
45080343,70.086,-443.861,682.298,119.772,-11.279,26.684
45080396,70.047,-444.465,682.391,118.541,-10.557,26.923
45080449,70.115,-443.428,682.082,117.763,-10.096,27.066
45080502,70.172,-442.617,681.093,117.571,-9.981,27.101
45080555,70.376,-440.574,679.117,117.642,-10.023,27.099
45080608,70.611,-437.668,677.59,117.815,-10.125,27.074
45080661,70.722,-436.132,676.448,117.89,-10.169,27.062
45080714,70.878,-434.539,675.134,117.753,-10.086,27.094
45080768,70.972,-433.413,675.221,117.384,-9.866,27.162
45080821,71.068,-431.961,675.912,116.543,-9.363,27.306
45080874,71.132,-431.002,676.808,115.528,-8.752,27.47
45080927,71.176,-430.332,677.332,114.88,-8.359,27.569
45080980,71.238,-429.376,677.458,114.089,-7.876,27.684
45081033,71.373,-427.602,676.607,113.734,-7.658,27.736
45081086,71.495,-426.178,675.474,113.726,-7.653,27.741
45081139,71.842,-424.098,673.509,113.745,-7.664,27.768
45081194,72.933,-421.924,672.35,113.531,-7.524,27.933
45081246,73.628,-420.802,672.227,113.171,-7.225,28.112
45081300,74.3,-418.849,672.977,112.526,-6.411,28.505
45081354,74.539,-416.99,674.037,111.848,-5.453,28.891
45081407,74.793,-415.779,674.36,111.424,-4.952,29.083
45081461,75.627,-413.273,674.17,110.97,-4.538,29.285
45081514,76.358,-410.595,672.804,110.846,-4.462,29.378
45081567,76.819,-408.672,671.481,110.903,-4.506,29.42
45081621,77.529,-405.192,669.668,110.975,-4.639,29.444
45081675,77.896,-402.261,668.823,110.806,-4.618,29.445
45081729,78.015,-400.743,668.412,110.573,-4.494,29.458
45081782,78.181,-398.016,669.455,109.87,-4.065,29.507
45081836,78.393,-395.185,671.289,108.923,-3.507,29.56
45081889,78.566,-393.485,672.555,108.251,-3.138,29.585
45081942,78.796,-391.027,674.182,107.348,-2.631,29.616
45081995,78.952,-388.705,675.476,106.648,-2.209,29.641
45082050,79.022,-387.319,675.691,106.35,-2.018,29.653
45082103,79.103,-385.711,675.131,106.09,-1.85,29.664
45082156,79.178,-384.162,674.457,105.86,-1.7,29.673
45082209,79.208,-383.568,674.298,105.638,-1.557,29.68
45082262,79.229,-382.965,674.467,105.241,-1.295,29.693
45082315,79.24,-382.728,674.767,104.911,-1.082,29.701
45082368,79.24,-382.634,675.389,104.326,-0.704,29.713
45082421,79.222,-382.493,676.153,103.734,-0.306,29.723
45082474,79.228,-382.298,676.625,103.378,-0.074,29.726
45082527,79.264,-381.599,677.269,102.934,0.211,29.727
45082580,79.324,-380.426,677.815,102.655,0.391,29.726
45082633,79.373,-379.469,678.183,102.548,0.459,29.726
45082686,79.458,-377.805,678.864,102.447,0.524,29.725
45082739,79.534,-376.298,679.41,102.366,0.576,29.724
45082793,79.578,-375.441,679.616,102.331,0.598,29.724
45082846,79.645,-374.122,679.496,102.326,0.602,29.724
45082899,79.693,-373.187,678.344,102.438,0.53,29.725
45082952,79.722,-372.602,677.176,102.558,0.453,29.726
45083005,79.766,-371.756,675.282,102.739,0.337,29.727
45083058,79.775,-371.561,674.354,102.741,0.337,29.728
45083111,79.752,-371.965,674.109,102.322,0.609,29.726
45083164,79.682,-373.356,675.19,101.414,1.193,29.716
45083217,79.626,-374.473,676.208,100.642,1.689,29.699
45083270,79.547,-376.071,677.706,99.447,2.456,29.66
45083323,79.489,-377.257,677.956,98.612,2.992,29.624
45083376,79.485,-377.358,677.613,98.321,3.178,29.61
45083429,79.511,-376.853,675.776,98.37,3.147,29.613
45083482,79.552,-376.049,673.129,98.64,2.975,29.628
45083535,79.585,-375.395,671.435,98.806,2.869,29.636
45083588,79.646,-374.202,669.26,98.981,2.757,29.645
45083641,79.687,-373.395,668.318,99.007,2.741,29.646
45083694,79.768,-371.812,668.322,98.808,2.868,29.637
45083747,79.859,-370.047,669.57,98.341,3.167,29.614
45083800,79.924,-368.779,670.913,97.896,3.452,29.59
45083853,80.032,-366.694,673.372,97.084,3.969,29.539
45083906,80.149,-364.427,675.551,96.334,4.446,29.486
45083959,80.231,-362.835,676.545,95.955,4.686,29.457
45084012,80.352,-360.477,677.2,95.6,4.911,29.429
45084065,80.461,-358.34,677.194,95.475,4.99,29.418
45084118,80.514,-357.3,676.958,95.466,4.995,29.417
45084171,80.569,-356.223,676.484,95.475,4.99,29.418
45084224,80.603,-355.567,675.839,95.467,4.995,29.418
45084277,80.615,-355.331,675.409,95.442,5.011,29.416
45084330,80.643,-354.788,675.304,95.28,5.114,29.402
45084383,80.665,-354.362,675.675,95.082,5.239,29.385
45084436,80.716,-353.382,677.138,94.641,5.518,29.345
45084489,80.78,-352.11,679.15,94.139,5.834,29.296
45084542,80.835,-351.057,680.537,93.817,6.036,29.264
45084595,80.949,-348.827,682.608,93.415,6.288,29.221
45084648,81.056,-346.729,684.061,93.197,6.424,29.197
45084701,81.112,-345.621,684.79,93.092,6.489,29.185
45084754,81.186,-344.172,685.713,92.965,6.569,29.171
45084807,81.214,-343.631,686.066,92.914,6.6,29.165
45084860,81.215,-343.611,686.078,92.912,6.601,29.165
45084913,81.213,-343.655,686.044,92.918,6.597,29.165
45084966,81.211,-343.708,686.004,92.924,6.593,29.166
45085019,81.213,-343.702,685.997,92.927,6.59,29.166
45085072,81.214,-343.7,685.995,92.927,6.589,29.166
45085125,81.215,-343.7,685.994,92.928,6.588,29.167
45085178,81.216,-343.698,685.991,92.928,6.587,29.167
45085231,81.225,-343.692,685.983,92.929,6.581,29.167
45085284,81.359,-343.692,685.957,92.89,6.511,29.164
45085337,81.99,-343.72,685.873,92.691,6.19,29.148
45085390,82.887,-343.766,685.768,92.406,5.735,29.128
45085444,83.415,-343.794,685.712,92.238,5.468,29.117
45085498,83.846,-343.815,685.667,92.102,5.25,29.109
45085552,83.955,-343.82,685.655,92.068,5.195,29.107
45085606,84.042,-343.824,685.646,92.041,5.151,29.105
45085659,84.262,-343.833,685.626,91.971,5.04,29.101
45085712,84.654,-343.854,685.589,91.847,4.842,29.095
45085766,85.015,-343.873,685.557,91.732,4.659,29.089
45085820,85.643,-343.905,685.506,91.533,4.343,29.08
45085874,86.15,-343.931,685.466,91.373,4.087,29.073
45085927,86.299,-343.938,685.454,91.326,4.011,29.072
45085980,86.3,-343.937,685.453,91.327,4.01,29.072
45086034,86.289,-343.934,685.45,91.331,4.015,29.072
45086087,86.281,-343.93,685.447,91.336,4.018,29.072
45086140,86.282,-343.908,685.421,91.347,4.012,29.073
45086194,86.282,-343.901,685.413,91.351,4.009,29.073
45086247,86.282,-343.901,685.413,91.351,4.009,29.073
45086300,86.279,-343.901,685.413,91.352,4.011,29.073
45086354,86.276,-343.901,685.413,91.353,4.012,29.073
45086407,86.276,-343.901,685.413,91.353,4.012,29.073
45086461,86.276,-343.901,685.413,91.353,4.012,29.073
45086514,86.276,-343.901,685.413,91.353,4.012,29.073
45086567,86.276,-343.901,685.413,91.353,4.012,29.073
45086621,86.276,-343.901,685.413,91.353,4.012,29.073
45086674,86.276,-343.901,685.413,91.353,4.012,29.073
45086727,86.276,-343.901,685.413,91.353,4.012,29.073
45086780,86.276,-343.901,685.413,91.353,4.012,29.073
45086834,86.276,-343.901,685.413,91.353,4.012,29.073
45086888,86.276,-343.901,685.413,91.353,4.012,29.073
45086941,86.276,-343.901,685.413,91.353,4.012,29.073
45086994,86.276,-343.901,685.413,91.353,4.012,29.073
45087048,86.276,-343.901,685.413,91.353,4.012,29.073
45087101,86.276,-343.901,685.413,91.353,4.012,29.073
45087154,86.276,-343.901,685.413,91.353,4.012,29.073
45087208,86.276,-343.901,685.413,91.353,4.012,29.073
45087261,86.276,-343.901,685.413,91.353,4.012,29.073
45087314,86.276,-343.901,685.413,91.353,4.012,29.073
45087368,86.276,-343.901,685.413,91.353,4.012,29.073
45087421,86.276,-343.901,685.413,91.353,4.012,29.073
45087475,86.276,-343.901,685.413,91.353,4.012,29.073
45087528,86.276,-343.901,685.413,91.353,4.012,29.073
45087582,86.276,-343.901,685.413,91.353,4.012,29.073
45087636,86.276,-343.901,685.413,91.353,4.012,29.073
45087689,86.276,-343.901,685.413,91.353,4.012,29.073
45087743,86.276,-343.901,685.413,91.353,4.012,29.073
45087797,86.276,-343.901,685.413,91.353,4.012,29.073
45087851,86.276,-343.901,685.413,91.353,4.012,29.073
45087904,86.276,-343.901,685.413,91.353,4.012,29.073
45087957,86.276,-343.901,685.413,91.353,4.012,29.073
45088011,86.276,-343.901,685.413,91.353,4.012,29.073
45088064,86.276,-343.901,685.413,91.353,4.012,29.073
45088118,86.276,-343.901,685.413,91.353,4.012,29.073
45088172,86.276,-343.901,685.413,91.353,4.012,29.073
45088225,86.276,-343.901,685.413,91.353,4.012,29.073
45088278,86.276,-343.901,685.413,91.353,4.012,29.073
45088331,86.276,-343.901,685.413,91.353,4.012,29.073
45088385,86.276,-343.901,685.413,91.353,4.012,29.073
45088439,86.276,-343.901,685.413,91.353,4.012,29.073
45088493,86.276,-343.901,685.413,91.353,4.012,29.073
45088547,86.276,-343.901,685.413,91.353,4.012,29.073
45088600,86.276,-343.901,685.413,91.353,4.012,29.073
45088653,86.276,-343.901,685.413,91.353,4.012,29.073
45088707,86.276,-343.901,685.413,91.353,4.012,29.073
45088761,86.276,-343.901,685.413,91.353,4.012,29.073
45088814,86.276,-343.901,685.413,91.353,4.012,29.073
45088867,86.276,-343.901,685.413,91.353,4.012,29.073
45088921,86.276,-343.901,685.413,91.353,4.012,29.073
45088975,86.276,-343.901,685.413,91.353,4.012,29.073
